{ "height":17,
 "layers":[
        {
         "height":17,
         "image":"..\/img\/background.png",
         "name":"gradient_background",
         "opacity":1,
         "type":"imagelayer",
         "visible":true,
         "width":50,
         "x":0,
         "y":0
        }, 
        {
         "data":[0, 0, 0, 0, 0, 0, 0, 0, 0, 0, 0, 0, 0, 0, 0, 0, 0, 0, 0, 0, 0, 0, 0, 0, 0, 0, 0, 0, 0, 0, 0, 0, 0, 0, 0, 0, 0, 0, 0, 0, 0, 0, 0, 0, 0, 0, 0, 0, 0, 0, 0, 0, 0, 0, 0, 0, 0, 0, 0, 0, 0, 0, 0, 0, 0, 0, 0, 0, 0, 0, 0, 0, 0, 0, 0, 0, 0, 0, 0, 0, 0, 0, 0, 0, 0, 0, 0, 0, 0, 0, 0, 0, 0, 0, 0, 0, 0, 0, 0, 0, 0, 0, 0, 0, 0, 0, 0, 0, 0, 0, 0, 0, 0, 0, 0, 0, 0, 0, 0, 0, 0, 0, 0, 0, 0, 0, 0, 0, 0, 0, 0, 0, 0, 0, 0, 0, 0, 0, 0, 0, 0, 0, 0, 0, 0, 0, 0, 0, 0, 0, 0, 0, 0, 0, 0, 0, 0, 0, 0, 0, 0, 0, 0, 0, 0, 0, 79, 80, 81, 82, 0, 0, 0, 0, 0, 0, 0, 0, 0, 0, 0, 0, 0, 0, 0, 0, 0, 0, 0, 0, 0, 0, 0, 0, 0, 0, 0, 0, 0, 0, 0, 0, 0, 0, 0, 0, 0, 0, 0, 0, 0, 0, 0, 0, 0, 0, 93, 94, 95, 96, 0, 0, 0, 0, 0, 0, 0, 0, 0, 0, 0, 0, 0, 0, 0, 0, 0, 0, 0, 0, 0, 0, 0, 0, 0, 0, 0, 0, 0, 0, 0, 0, 0, 0, 0, 0, 0, 0, 0, 0, 0, 0, 0, 0, 0, 0, 0, 0, 0, 0, 0, 0, 0, 0, 0, 0, 0, 0, 0, 0, 0, 0, 0, 0, 0, 0, 0, 0, 0, 0, 0, 0, 0, 0, 0, 0, 0, 71, 72, 73, 0, 0, 0, 0, 0, 0, 0, 0, 0, 0, 2147483722, 2147483721, 2147483720, 2147483719, 0, 0, 0, 0, 0, 0, 0, 0, 0, 0, 0, 0, 0, 0, 0, 0, 0, 0, 0, 71, 72, 73, 74, 0, 0, 0, 0, 0, 0, 0, 0, 0, 0, 85, 86, 87, 0, 0, 0, 0, 0, 0, 0, 0, 0, 0, 2147483736, 2147483735, 2147483734, 2147483733, 0, 0, 0, 0, 0, 71, 72, 73, 74, 0, 0, 0, 0, 0, 0, 0, 0, 0, 0, 85, 86, 87, 88, 0, 0, 0, 0, 0, 0, 0, 0, 0, 0, 0, 0, 0, 0, 0, 0, 0, 0, 0, 0, 0, 0, 0, 0, 0, 0, 0, 0, 0, 0, 0, 0, 85, 86, 87, 88, 0, 0, 0, 0, 0, 0, 0, 0, 0, 0, 0, 0, 0, 0, 0, 0, 0, 0, 0, 0, 2147483722, 2147483721, 2147483720, 2147483719, 0, 0, 0, 0, 71, 72, 73, 74, 0, 0, 0, 0, 0, 0, 0, 0, 0, 0, 0, 0, 0, 0, 0, 0, 2, 0, 0, 0, 0, 0, 0, 0, 0, 0, 0, 0, 0, 0, 0, 0, 0, 0, 0, 0, 0, 0, 2147483736, 2147483735, 2147483734, 2147483733, 0, 0, 0, 0, 85, 86, 87, 88, 0, 0, 0, 0, 0, 0, 0, 0, 0, 0, 0, 0, 0, 0, 0, 0, 16, 0, 0, 0, 0, 0, 0, 0, 2147483722, 2147483721, 2147483720, 2147483719, 0, 0, 0, 0, 0, 0, 0, 0, 0, 0, 0, 0, 0, 0, 0, 0, 0, 0, 0, 0, 0, 0, 83, 84, 0, 0, 0, 0, 0, 0, 0, 0, 0, 2, 0, 0, 0, 11, 12, 0, 0, 0, 0, 0, 0, 0, 2147483736, 2147483735, 2147483734, 2147483733, 0, 83, 84, 0, 0, 0, 0, 0, 9, 10, 31, 32, 0, 0, 0, 0, 0, 0, 0, 0, 0, 0, 97, 98, 0, 0, 0, 0, 0, 0, 0, 0, 0, 16, 0, 0, 0, 25, 26, 0, 0, 0, 0, 0, 0, 0, 0, 0, 0, 41, 42, 97, 98, 0, 0, 0, 0, 0, 23, 24, 45, 46, 0, 0, 0, 0, 0, 31, 32, 31, 32, 41, 111, 112, 0, 39, 40, 0, 0, 0, 0, 0, 0, 11, 12, 0, 0, 11, 12, 0, 0, 0, 0, 0, 0, 0, 0, 0, 0, 55, 56, 111, 112, 122, 0, 0, 0, 0, 0, 0, 0, 0, 0, 0, 0, 0, 0, 45, 46, 45, 46, 55, 125, 126, 0, 53, 54, 0, 0, 0, 0, 0, 0, 25, 26, 0, 0, 25, 26, 0, 0, 0, 0, 0, 0, 0, 0, 0, 0, 69, 70, 125, 0, 0, 0, 0, 0, 0, 0, 0, 0, 0, 0, 0, 0, 0, 0, 0, 0, 0, 0, 0, 0, 0, 0, 0, 0, 0, 0, 0, 0, 0, 0, 0, 0, 0, 0, 125, 126, 0, 5, 6, 0, 0, 0, 0, 0, 0, 0, 0, 0, 0, 0, 0, 0, 0, 0, 0, 0, 0, 0, 0, 0, 0, 0, 0, 0, 0, 0, 0, 0, 0, 0, 0, 0, 0, 0, 0, 0, 0, 0, 0, 0, 0, 0, 0, 0, 0, 0, 0, 0, 0, 0, 0, 0, 0, 0, 0, 0, 0, 0, 0, 0, 0, 0, 0, 0, 0, 0, 0, 0, 0, 0, 0, 0, 0, 0],
         "height":17,
         "name":"back layer",
         "opacity":1,
         "type":"tilelayer",
         "visible":true,
         "width":50,
         "x":0,
         "y":0
        }, 
        {
         "color":"#55ff00",
         "height":17,
         "name":"player",
         "objects":[
                {
                 "height":70,
                 "name":"mainPlayer",
                 "properties":
                    {
                     "spriteheight":"98",
                     "spritewidth":"72"
                    },
                 "type":"",
                 "visible":true,
                 "width":70,
                 "x":70,
                 "y":280
                }, 
                {
                 "gid":19,
                 "height":0,
                 "name":"me.ObjectEntity",
                 "properties":
                    {
                     "collidable":"true",
                     "type":"spikeObject"
                    },
                 "type":"",
                 "visible":true,
                 "width":0,
                 "x":945,
                 "y":595
                }, 
                {
                 "gid":20,
                 "height":0,
                 "name":"me.ObjectEntity",
                 "properties":
                    {
                     "collidable":"true",
                     "type":"spikeObject"
                    },
                 "type":"",
                 "visible":true,
                 "width":0,
                 "x":980,
                 "y":595
                }, 
                {
                 "gid":20,
                 "height":0,
                 "name":"me.ObjectEntity",
                 "properties":
                    {
                     "collidable":"true",
                     "type":"spikeObject"
                    },
                 "type":"",
                 "visible":true,
                 "width":0,
                 "x":840,
                 "y":595
                }, 
                {
                 "gid":19,
                 "height":0,
                 "name":"me.ObjectEntity",
                 "properties":
                    {
                     "collidable":"true",
                     "type":"spikeObject"
                    },
                 "type":"",
                 "visible":true,
                 "width":0,
                 "x":805,
                 "y":595
                }, 
                {
                 "height":210,
                 "name":"me.LevelEntity",
                 "properties":
                    {
                     "duration":"150",
                     "fade":"#fff",
                     "to":"map2"
                    },
                 "type":"",
                 "visible":true,
                 "width":35,
                 "x":1715,
                 "y":245
                }],
         "opacity":1,
         "type":"objectgroup",
         "visible":true,
         "width":50,
         "x":0,
         "y":0
        }, 
        {
         "color":"#ff0000",
         "height":17,
         "name":"slimes",
         "objects":[
                {
                 "height":35,
                 "name":"SlimeEntity",
                 "properties":
                    {
                     "spriteheight":"35",
                     "spritewidth":"55"
                    },
                 "type":"",
                 "visible":true,
                 "width":420,
                 "x":1295,
                 "y":420
                }, 
                {
                 "height":35,
                 "name":"SlimeEntity",
                 "properties":
                    {
                     "spriteheight":"35",
                     "spritewidth":"55"
                    },
                 "type":"",
                 "visible":true,
                 "width":210,
                 "x":140,
                 "y":140
                }],
         "opacity":1,
         "type":"objectgroup",
         "visible":true,
         "width":50,
         "x":0,
         "y":0
        }, 
        {
         "color":"#ffff00",
         "height":17,
         "name":"coins",
         "objects":[
                {
                 "height":35,
                 "name":"CoinEntity",
                 "properties":
                    {

                    },
                 "type":"enemy",
                 "visible":true,
                 "width":35,
                 "x":700,
                 "y":350
                }],
         "opacity":1,
         "type":"objectgroup",
         "visible":true,
         "width":50,
         "x":0,
         "y":0
        }, 
        {
         "data":[0, 0, 0, 0, 0, 0, 0, 0, 0, 0, 0, 0, 0, 0, 0, 0, 0, 0, 0, 0, 0, 0, 0, 0, 0, 0, 0, 0, 0, 0, 0, 0, 0, 0, 0, 0, 0, 0, 0, 0, 0, 0, 0, 0, 0, 0, 0, 0, 0, 0, 0, 0, 0, 0, 0, 0, 0, 0, 0, 0, 0, 0, 0, 0, 0, 0, 0, 0, 0, 0, 0, 0, 0, 0, 0, 0, 0, 0, 0, 0, 0, 0, 0, 0, 0, 0, 0, 0, 0, 0, 0, 0, 0, 0, 0, 0, 0, 0, 0, 0, 0, 0, 0, 0, 0, 0, 0, 0, 0, 0, 0, 0, 0, 0, 0, 0, 0, 0, 0, 0, 0, 0, 0, 0, 0, 0, 0, 0, 0, 0, 0, 0, 0, 0, 0, 0, 0, 0, 0, 0, 0, 0, 0, 0, 0, 0, 0, 0, 0, 0, 0, 0, 0, 0, 0, 0, 0, 0, 0, 0, 0, 0, 0, 0, 0, 0, 0, 0, 0, 0, 0, 0, 0, 0, 0, 0, 0, 0, 0, 0, 0, 0, 0, 0, 0, 0, 0, 0, 0, 0, 0, 0, 0, 0, 0, 0, 0, 0, 0, 0, 0, 0, 0, 0, 0, 0, 0, 0, 0, 0, 0, 0, 0, 0, 0, 0, 0, 0, 0, 0, 0, 0, 0, 0, 0, 0, 0, 0, 0, 0, 0, 0, 0, 0, 0, 0, 0, 0, 0, 0, 0, 0, 0, 0, 0, 0, 0, 0, 0, 0, 0, 0, 0, 0, 37, 38, 35, 36, 37, 38, 0, 0, 0, 0, 0, 0, 0, 0, 0, 0, 0, 0, 0, 0, 0, 0, 0, 0, 0, 0, 0, 0, 0, 0, 0, 0, 0, 0, 0, 0, 0, 0, 0, 0, 0, 0, 0, 0, 0, 0, 0, 0, 0, 0, 51, 52, 49, 50, 51, 52, 0, 0, 0, 0, 0, 0, 0, 0, 0, 0, 0, 0, 0, 0, 0, 0, 0, 0, 0, 0, 0, 0, 0, 0, 0, 0, 0, 0, 0, 0, 0, 0, 0, 0, 0, 0, 0, 0, 0, 0, 0, 0, 0, 0, 0, 0, 0, 0, 0, 0, 0, 0, 0, 0, 0, 0, 0, 0, 0, 0, 0, 0, 0, 0, 0, 0, 0, 0, 0, 0, 0, 0, 0, 0, 0, 0, 0, 0, 0, 0, 0, 0, 0, 0, 0, 0, 0, 0, 0, 0, 0, 0, 0, 0, 0, 0, 0, 0, 0, 0, 0, 0, 0, 0, 0, 0, 0, 0, 0, 0, 0, 0, 0, 0, 0, 0, 0, 0, 0, 0, 0, 0, 0, 0, 0, 0, 0, 0, 0, 0, 0, 0, 0, 0, 0, 0, 0, 0, 0, 0, 0, 0, 0, 0, 0, 0, 0, 0, 0, 0, 0, 0, 0, 0, 0, 0, 0, 0, 0, 0, 0, 0, 0, 0, 0, 0, 0, 0, 0, 0, 0, 0, 0, 0, 0, 0, 0, 0, 0, 0, 0, 0, 0, 0, 0, 0, 0, 0, 0, 0, 0, 0, 0, 0, 0, 0, 0, 0, 0, 0, 0, 0, 0, 0, 0, 0, 0, 0, 0, 0, 0, 0, 0, 0, 0, 0, 0, 0, 0, 0, 0, 0, 0, 0, 0, 0, 0, 0, 0, 0, 0, 0, 0, 0, 0, 0, 0, 0, 0, 0, 0, 0, 0, 0, 0, 0, 0, 0, 0, 0, 0, 0, 0, 0, 0, 0, 0, 0, 0, 0, 0, 0, 0, 0, 0, 0, 0, 0, 0, 0, 0, 0, 0, 0, 0, 0, 0, 0, 0, 0, 0, 0, 0, 0, 2, 0, 0, 0, 0, 0, 0, 0, 0, 0, 0, 0, 0, 0, 0, 0, 0, 0, 0, 0, 0, 0, 0, 0, 0, 0, 0, 0, 0, 0, 0, 0, 0, 0, 0, 0, 0, 0, 0, 0, 0, 0, 0, 0, 7, 8, 17, 18, 0, 0, 16, 0, 0, 0, 0, 0, 2, 0, 0, 0, 0, 0, 0, 0, 0, 0, 0, 0, 0, 0, 0, 0, 0, 0, 0, 0, 0, 0, 0, 0, 0, 0, 0, 0, 0, 0, 0, 0, 0, 0, 0, 7, 8, 11, 12, 11, 12, 11, 12, 11, 12, 11, 12, 11, 12, 11, 16, 0, 0, 0, 0, 17, 18, 0, 0, 0, 0, 0, 0, 0, 0, 0, 0, 0, 3, 4, 0, 0, 0, 0, 0, 0, 0, 0, 0, 0, 7, 8, 17, 18, 122, 11, 12, 25, 26, 25, 26, 25, 26, 25, 26, 25, 26, 25, 26, 25, 11, 12, 11, 12, 11, 12, 11, 12, 11, 12, 29, 30, 29, 30, 11, 12, 12, 11, 12, 11, 12, 11, 12, 5, 6, 11, 12, 5, 6, 11, 12, 11, 12, 11, 12, 25, 26, 25, 26, 25, 26, 25, 26, 25, 26, 25, 25, 25, 26, 25, 25, 26, 25, 26, 25, 26, 25, 26, 25, 26, 43, 44, 43, 44, 25, 26, 26, 25, 26, 25, 26, 25, 26, 0, 0, 25, 26, 0, 0, 25, 26, 25, 26, 25, 26, 25, 26, 25, 26, 25, 26, 25, 26, 25, 26, 25, 26, 25, 26, 25],
         "height":17,
         "name":"front layer",
         "opacity":1,
         "type":"tilelayer",
         "visible":true,
         "width":50,
         "x":0,
         "y":0
        }, 
        {
         "color":"#ff0000",
         "height":17,
         "name":"flies",
         "objects":[
                {
                 "height":35,
                 "name":"FlyEntity",
                 "properties":
                    {
                     "animationspeed":"200",
                     "gravity":"0",
                     "spriteheight":"35",
                     "spritewidth":"70",
                     "velX":"2"
                    },
                 "type":"",
                 "visible":true,
                 "width":350,
                 "x":280,
                 "y":280
                }, 
                {
                 "height":35,
                 "name":"FlyEntity",
                 "properties":
                    {
                     "animationspeed":"200",
                     "gravity":"0",
                     "spriteheight":"35",
                     "spritewidth":"70",
                     "velX":"2"
                    },
                 "type":"",
                 "visible":true,
                 "width":595,
                 "x":945,
                 "y":140
                }],
         "opacity":1,
         "type":"objectgroup",
         "visible":true,
         "width":50,
         "x":0,
         "y":0
        }, 
        {
         "data":[0, 0, 0, 0, 0, 0, 0, 0, 0, 0, 0, 0, 0, 0, 0, 0, 0, 0, 0, 0, 0, 0, 0, 0, 0, 0, 0, 0, 0, 0, 0, 0, 0, 0, 0, 0, 0, 0, 0, 0, 0, 0, 0, 0, 0, 0, 0, 0, 0, 0, 0, 0, 0, 0, 0, 0, 0, 0, 0, 0, 0, 0, 0, 0, 0, 0, 0, 0, 0, 0, 0, 0, 0, 0, 0, 0, 0, 0, 0, 0, 0, 0, 0, 0, 0, 0, 0, 0, 0, 0, 0, 0, 0, 0, 0, 0, 0, 0, 0, 0, 0, 0, 0, 0, 0, 0, 0, 0, 0, 0, 0, 0, 0, 0, 0, 0, 0, 0, 0, 0, 0, 0, 0, 0, 0, 0, 0, 0, 0, 0, 0, 0, 0, 0, 0, 0, 0, 0, 0, 0, 0, 0, 0, 0, 0, 0, 0, 0, 0, 0, 0, 0, 0, 0, 0, 0, 0, 0, 0, 0, 0, 0, 0, 0, 0, 0, 0, 0, 0, 0, 0, 0, 0, 0, 0, 0, 0, 0, 0, 0, 0, 0, 0, 0, 0, 0, 0, 0, 0, 0, 0, 0, 0, 0, 0, 0, 0, 0, 0, 0, 0, 0, 0, 0, 0, 0, 0, 0, 0, 0, 0, 0, 0, 0, 0, 0, 0, 0, 0, 0, 0, 0, 0, 0, 0, 0, 0, 0, 0, 0, 0, 0, 0, 0, 0, 0, 0, 0, 0, 0, 0, 0, 0, 0, 0, 0, 0, 0, 0, 0, 0, 0, 0, 0, 197, 197, 197, 197, 197, 197, 0, 0, 0, 0, 0, 0, 0, 0, 0, 0, 0, 0, 0, 0, 0, 0, 0, 0, 0, 0, 0, 0, 0, 0, 0, 0, 0, 0, 0, 0, 0, 0, 0, 0, 0, 0, 0, 0, 0, 0, 0, 0, 0, 0, 197, 197, 197, 197, 197, 197, 0, 0, 0, 0, 0, 0, 0, 0, 0, 0, 0, 0, 0, 0, 0, 0, 0, 0, 0, 0, 0, 0, 0, 0, 0, 0, 0, 0, 0, 0, 0, 0, 0, 0, 0, 0, 0, 0, 0, 0, 0, 0, 0, 0, 0, 0, 0, 0, 0, 0, 0, 0, 0, 0, 0, 0, 0, 0, 0, 0, 0, 0, 0, 0, 0, 0, 0, 0, 0, 0, 0, 0, 0, 0, 0, 0, 0, 0, 0, 0, 0, 0, 0, 0, 0, 0, 0, 0, 0, 0, 0, 0, 0, 0, 0, 0, 0, 0, 0, 0, 0, 0, 0, 0, 0, 0, 0, 0, 0, 0, 0, 0, 0, 0, 0, 0, 0, 0, 0, 0, 0, 0, 0, 0, 0, 0, 0, 0, 0, 0, 0, 0, 0, 0, 0, 0, 0, 0, 0, 0, 0, 0, 0, 0, 0, 0, 0, 0, 0, 0, 0, 0, 0, 0, 0, 0, 0, 0, 0, 0, 0, 0, 0, 0, 0, 0, 0, 0, 0, 0, 0, 0, 0, 0, 0, 0, 0, 0, 0, 0, 0, 0, 0, 0, 0, 0, 0, 0, 0, 0, 0, 0, 0, 0, 0, 0, 0, 0, 0, 0, 0, 0, 0, 0, 0, 0, 0, 0, 0, 0, 0, 0, 0, 0, 0, 0, 0, 0, 0, 0, 0, 0, 0, 0, 0, 0, 0, 0, 0, 0, 0, 0, 0, 0, 0, 0, 0, 0, 0, 0, 0, 0, 0, 0, 0, 0, 0, 0, 0, 0, 0, 0, 0, 0, 0, 0, 0, 0, 0, 0, 198, 198, 0, 0, 0, 0, 0, 0, 0, 0, 0, 0, 0, 0, 0, 0, 0, 0, 0, 0, 0, 0, 0, 0, 0, 0, 0, 0, 0, 0, 0, 0, 0, 0, 0, 0, 0, 0, 0, 0, 0, 0, 0, 0, 0, 0, 0, 0, 0, 0, 0, 0, 0, 0, 0, 0, 0, 0, 0, 0, 0, 0, 0, 0, 0, 0, 0, 0, 0, 0, 0, 0, 0, 0, 0, 0, 0, 0, 0, 0, 0, 0, 0, 0, 0, 0, 0, 0, 197, 197, 0, 0, 0, 0, 0, 0, 198, 198, 0, 0, 198, 198, 0, 0, 0, 0, 0, 0, 0, 0, 0, 0, 0, 0, 0, 0, 199, 197, 197, 197, 197, 197, 197, 197, 197, 197, 197, 197, 197, 0, 0, 0, 0, 0, 0, 0, 0, 0, 197, 197, 0, 0, 0, 0, 0, 0, 0, 0, 0, 0, 0, 0, 0, 0, 0, 0, 0, 0, 0, 0, 0, 0, 0, 0, 199, 197, 197, 0, 0, 0, 0, 0, 0, 0, 0, 0, 0, 0, 0, 0, 197, 197, 197, 197, 197, 197, 197, 197, 197, 197, 0, 0, 0, 0, 197, 197, 197, 197, 197, 197, 197, 197, 197, 0, 0, 197, 197, 0, 0, 197, 197, 197, 197, 197, 197, 0, 0, 0, 0, 0, 0, 0, 0, 0, 0, 0, 0, 0, 0, 0, 0, 0, 0, 0, 0, 0, 0, 0, 0, 0, 0, 0, 0, 0, 0, 0, 0, 0, 0, 0, 0, 0, 0, 0, 0, 0, 0, 0, 0, 0, 0, 0, 0, 0, 0, 0, 0, 0, 0, 0, 0, 0, 0, 0, 0, 0, 0, 0, 0, 0],
         "height":17,
         "name":"collision",
         "opacity":0.529999971389771,
         "type":"tilelayer",
         "visible":false,
         "width":50,
         "x":0,
         "y":0
        }],
 "orientation":"orthogonal",
 "properties":
    {
     "backgroundcolor":"#aa55ff"
    },
 "tileheight":35,
 "tilesets":[
        {
         "firstgid":1,
         "image":"..\/img\/tileset.png",
         "imageheight":512,
         "imagewidth":512,
         "margin":0,
         "name":"tileset",
         "properties":
            {

            },
         "spacing":0,
         "tileheight":35,
         "tilewidth":35
        }, 
        {
         "firstgid":197,
         "image":"..\/img\/metatiles35x35.png",
         "imageheight":35,
         "imagewidth":210,
         "margin":0,
         "name":"metatiles35x35",
         "properties":
            {

            },
         "spacing":0,
         "tileheight":35,
         "tileproperties":
            {
             "0":
                {
                 "type":"solid"
                },
             "1":
                {
                 "type":"platform"
                },
             "2":
                {
                 "type":"lslope"
                },
             "3":
                {
                 "type":"rslope"
                },
             "4":
                {
                 "type":"ladder"
                },
             "5":
                {
                 "type":"breakable"
                }
            },
         "tilewidth":35
        }],
 "tilewidth":35,
 "version":1,
 "width":50
}