{"frames": [

{
	"filename": "coin.png",
	"frame": {"x":58,"y":211,"w":35,"h":35},
	"rotated": false,
	"trimmed": false,
	"spriteSourceSize": {"x":0,"y":0,"w":35,"h":35},
	"sourceSize": {"w":35,"h":35}
},
{
	"filename": "fly_dead.png",
	"frame": {"x":147,"y":2,"w":69,"h":32},
	"rotated": false,
	"trimmed": false,
	"spriteSourceSize": {"x":0,"y":0,"w":69,"h":32},
	"sourceSize": {"w":69,"h":32}
},
{
	"filename": "fly_fly.png",
	"frame": {"x":152,"y":120,"w":69,"h":31},
	"rotated": false,
	"trimmed": false,
	"spriteSourceSize": {"x":0,"y":0,"w":69,"h":31},
	"sourceSize": {"w":69,"h":31}
},
{
	"filename": "fly_normal.png",
	"frame": {"x":95,"y":211,"w":69,"h":32},
	"rotated": false,
	"trimmed": false,
	"spriteSourceSize": {"x":0,"y":0,"w":69,"h":32},
	"sourceSize": {"w":69,"h":32}
},
{
	"filename": "kidwalk1.png",
	"frame": {"x":145,"y":61,"w":49,"h":57},
	"rotated": false,
	"trimmed": false,
	"spriteSourceSize": {"x":0,"y":0,"w":49,"h":57},
	"sourceSize": {"w":49,"h":57}
},
{
	"filename": "kidwalk2.png",
	"frame": {"x":96,"y":2,"w":49,"h":57},
	"rotated": false,
	"trimmed": false,
	"spriteSourceSize": {"x":0,"y":0,"w":49,"h":57},
	"sourceSize": {"w":49,"h":57}
},
{
	"filename": "kidwalk3.png",
	"frame": {"x":101,"y":136,"w":49,"h":57},
	"rotated": false,
	"trimmed": false,
	"spriteSourceSize": {"x":0,"y":0,"w":49,"h":57},
	"sourceSize": {"w":49,"h":57}
},
{
	"filename": "kidwalk4.png",
	"frame": {"x":94,"y":77,"w":49,"h":57},
	"rotated": false,
	"trimmed": false,
	"spriteSourceSize": {"x":0,"y":0,"w":49,"h":57},
	"sourceSize": {"w":49,"h":57}
},
{
	"filename": "kidwalk5.png",
	"frame": {"x":50,"y":152,"w":49,"h":57},
	"rotated": false,
	"trimmed": false,
	"spriteSourceSize": {"x":0,"y":0,"w":49,"h":57},
	"sourceSize": {"w":49,"h":57}
},
{
	"filename": "rexwalk1.png",
	"frame": {"x":48,"y":2,"w":46,"h":73},
	"rotated": false,
	"trimmed": true,
	"spriteSourceSize": {"x":0,"y":2,"w":46,"h":73},
	"sourceSize": {"w":52,"h":75}
},
{
	"filename": "rexwalk2.png",
	"frame": {"x":48,"y":77,"w":44,"h":73},
	"rotated": false,
	"trimmed": true,
	"spriteSourceSize": {"x":0,"y":2,"w":44,"h":73},
	"sourceSize": {"w":52,"h":75}
},
{
	"filename": "rexwalk3.png",
	"frame": {"x":2,"y":156,"w":46,"h":73},
	"rotated": false,
	"trimmed": true,
	"spriteSourceSize": {"x":0,"y":2,"w":46,"h":73},
	"sourceSize": {"w":52,"h":75}
},
{
	"filename": "rexwalk4.png",
	"frame": {"x":2,"y":79,"w":44,"h":75},
	"rotated": false,
	"trimmed": true,
	"spriteSourceSize": {"x":0,"y":0,"w":44,"h":75},
	"sourceSize": {"w":52,"h":75}
},
{
	"filename": "rexwalk5.png",
	"frame": {"x":2,"y":2,"w":44,"h":75},
	"rotated": false,
	"trimmed": true,
	"spriteSourceSize": {"x":0,"y":0,"w":44,"h":75},
	"sourceSize": {"w":52,"h":75}
},
{
	"filename": "slime_dead.png",
	"frame": {"x":2,"y":231,"w":54,"h":8},
	"rotated": false,
	"trimmed": false,
	"spriteSourceSize": {"x":0,"y":0,"w":54,"h":8},
	"sourceSize": {"w":54,"h":8}
},
{
	"filename": "slime_normal.png",
	"frame": {"x":152,"y":153,"w":43,"h":28},
	"rotated": false,
	"trimmed": false,
	"spriteSourceSize": {"x":0,"y":0,"w":43,"h":28},
	"sourceSize": {"w":43,"h":28}
},
{
	"filename": "slime_walk.png",
	"frame": {"x":152,"y":183,"w":43,"h":26},
	"rotated": false,
	"trimmed": false,
	"spriteSourceSize": {"x":0,"y":0,"w":43,"h":26},
	"sourceSize": {"w":43,"h":26}
}],
"meta": {
	"app": "http://www.codeandweb.com/texturepacker ",
	"version": "1.0",
	"image": "texture.png",
	"format": "RGBA8888",
	"size": {"w":512,"h":256},
	"scale": "1",
	"smartupdate": "$TexturePacker:SmartUpdate:2a61b1b43b41d6233563c54dff86d0ef:b1a0ad739b10050b2a124c548978674b:88db1022cd6b660616541d2788fcd4f7$"
}
}
